"2018/09/06 20:09:55","USDT  BTC  ICX  USDT  ","0.02444494","Total Bitcoin Value (without using bot): 0.3993331017030433, USD Value Equivalent: 2598.3626561717856","BINANCE ACCOUNT VALUE:2625.5763179355513USD, 0.40351547244910113BTC","4","BINANCE"
"2018/09/06 20:23:55","BTC  DASH  ETH  NAS  BTC  ","0.02444494","Total Bitcoin Value (without using bot): 0.39903758636857933, USD Value Equivalent: 2592.5631601401146","BINANCE ACCOUNT VALUE:2620.8466318489627USD, 0.4033908721277632BTC","4","BINANCE"
"2018/09/06 20:27:09","ETH  NANO  BNB  BTC  WTC  ETH  ","0.02444494","Total Bitcoin Value (without using bot): 0.3985912025211702, USD Value Equivalent: 2587.8693260167984","BINANCE ACCOUNT VALUE:2617.383949578188USD, 0.40313713116564365BTC","4","BINANCE"
"2018/09/06 20:32:45","BTC  ICX  ETH  WAN  BTC  ","0.02444494","Total Bitcoin Value (without using bot): 0.3989262990393673, USD Value Equivalent: 2592.9790564944888","BINANCE ACCOUNT VALUE:2621.114405721261USD, 0.4032548842283238BTC","4","BINANCE"
"2018/09/06 20:35:36","WTC  ETH  WAN  BTC  WTC  ","0.02444494","Total Bitcoin Value (without using bot): 0.3990499698852715, USD Value Equivalent: 2595.009982664824","BINANCE ACCOUNT VALUE:2622.6029719586613USD, 0.40329310637426613BTC","4","BINANCE"
"2018/09/06 20:44:39","TRIG  BTC  GXS  ETH  TRIG  ","0.02444494","Total Bitcoin Value (without using bot): 0.3990804226299605, USD Value Equivalent: 2595.964273350838","BINANCE ACCOUNT VALUE:2626.223984979506USD, 0.4037322811433452BTC","4","BINANCE"
"2018/09/06 21:07:26","NANO  BNB  AION  ETH  NEO  BTC  NANO  ","0.02444494","Total Bitcoin Value (without using bot): 0.39774661992833105, USD Value Equivalent: 2576.3440685927753","BINANCE ACCOUNT VALUE:2607.6046295322403USD, 0.40257275421773414BTC","4","BINANCE"
"2018/09/06 21:48:19","BTC  XZC  BNB  BTC  ","0.02226098","Total Bitcoin Value (without using bot): 0.3971334592433683, USD Value Equivalent: 2576.8441349811123","BINANCE ACCOUNT VALUE:2608.6333284149696USD, 0.40203268934563324BTC","4","BINANCE"
"2018/09/06 21:56:29","BTC  PPT  ETH  MCO  BTC  ","0.02226098","Total Bitcoin Value (without using bot): 0.397628533820364, USD Value Equivalent: 2581.094291305423","BINANCE ACCOUNT VALUE:2612.3983807742106USD, 0.40245106170707673BTC","4","BINANCE"
"2018/09/06 21:58:41","ETH  VIA  BTC  ONT  ETH  ","0.02226098","Total Bitcoin Value (without using bot): 0.39754955157524846, USD Value Equivalent: 2578.2658740383586","BINANCE ACCOUNT VALUE:2610.5776032037197USD, 0.4025317815188928BTC","4","BINANCE"
"2018/09/06 22:58:18","LUN  ETH  GVT  BTC  LUN  ","0.02219409","Total Bitcoin Value (without using bot): 0.39851128409566206, USD Value Equivalent: 2594.9440849608927","BINANCE ACCOUNT VALUE:2626.0084426484564USD, 0.4032819059920736BTC","4","BINANCE"
"2018/09/07 00:30:56","RLC  BTC  MCO  ETH  RLC  ","0.01782130","Total Bitcoin Value (without using bot): 0.3937844556013619, USD Value Equivalent: 2551.733116908215","BINANCE ACCOUNT VALUE:2588.65187319665USD, 0.39948177255437284BTC","4","BINANCE"
"2018/09/07 00:31:00","RLC  BTC  ETH  RLC  ","0.01782130","Total Bitcoin Value (without using bot): 0.3937716800962659, USD Value Equivalent: 2552.429999242396","BINANCE ACCOUNT VALUE:2589.3763051172687USD, 0.39947150690523514BTC","4","BINANCE"
"2018/09/07 00:37:05","RLC  BTC  NEO  ETH  RLC  ","0.01782130","Total Bitcoin Value (without using bot): 0.39369773906899597, USD Value Equivalent: 2551.1869395201334","BINANCE ACCOUNT VALUE:2590.09821337107USD, 0.39970250504756816BTC","4","BINANCE"
"2018/09/07 00:44:29","USDT  BTC  NEO  USDT  ","0.01782130","Total Bitcoin Value (without using bot): 0.39319883476555195, USD Value Equivalent: 2547.043751902554","BINANCE ACCOUNT VALUE:2586.086372841299USD, 0.399226023363251BTC","4","BINANCE"
"2018/09/07 01:07:09","BTC  KMD  ETH  VIA  BTC  ","0.01782130","Total Bitcoin Value (without using bot): 0.3926282491841379, USD Value Equivalent: 2539.8787705710074","BINANCE ACCOUNT VALUE:2578.4671858333854USD, 0.39859345590928086BTC","4","BINANCE"
"2018/09/07 01:08:31","BTC  BNB  USDT  ETH  VIA  BTC  ","0.01782130","Total Bitcoin Value (without using bot): 0.3924779322851268, USD Value Equivalent: 2537.7662349349525","BINANCE ACCOUNT VALUE:2576.8144382690098USD, 0.39851692748217366BTC","4","BINANCE"
"2018/09/07 01:12:47","BTC  USDT  EOS  BTC  ","0.01782130","Total Bitcoin Value (without using bot): 0.39192129350143873, USD Value Equivalent: 2529.8539091582547","BINANCE ACCOUNT VALUE:2567.5131123937094USD, 0.39775540257423647BTC","4","BINANCE"
"2018/09/07 01:13:39","BNB  USDT  QTUM  BNB  ","0.01782130","Total Bitcoin Value (without using bot): 0.39194069298686113, USD Value Equivalent: 2524.6350215847774","BINANCE ACCOUNT VALUE:2561.4982621769404USD, 0.3976635812221531BTC","4","BINANCE"
"2018/09/07 01:15:06","ETH  NXS  BTC  USDT  ONT  ETH  ","0.01782130","Total Bitcoin Value (without using bot): 0.3910087450464222, USD Value Equivalent: 2518.047442005828","BINANCE ACCOUNT VALUE:2556.9564262694225USD, 0.3970506300618292BTC","4","BINANCE"
"2018/09/07 01:15:12","USDT  ICX  BTC  QTUM  USDT  ","0.01782130","Total Bitcoin Value (without using bot): 0.39099650069307523, USD Value Equivalent: 2518.3771812440423","BINANCE ACCOUNT VALUE:2556.5689431519486USD, 0.3969260514261858BTC","4","BINANCE"
"2018/09/07 01:17:57","USDT  QTUM  ETH  USDT  ","0.01782130","Total Bitcoin Value (without using bot): 0.3912653981159737, USD Value Equivalent: 2519.3539858147733","BINANCE ACCOUNT VALUE:2554.1991184432636USD, 0.39667698170726523BTC","4","BINANCE"
"2018/09/07 01:19:08","ETH  ZEC  BTC  BCD  ETH  ","0.01782130","Total Bitcoin Value (without using bot): 0.39082966297322913, USD Value Equivalent: 2513.749951201104","BINANCE ACCOUNT VALUE:2549.9051031068084USD, 0.39645094834701916BTC","4","BINANCE"
"2018/09/07 10:57:28","AION  ETH  BTC  AION  ","0.01104746","Total Bitcoin Value (without using bot): 0.3869415955141225, USD Value Equivalent: 2483.2460569113205","BINANCE ACCOUNT VALUE:2528.3866438614764USD, 0.3939754416721881BTC","4","BINANCE"
"2018/09/07 12:37:11","ETH  WTC  BTC  VIA  ETH  ","0.01104773","Total Bitcoin Value (without using bot): 0.3847444920850545, USD Value Equivalent: 2471.8987178582165","BINANCE ACCOUNT VALUE:2520.0499087014045USD, 0.3922390974790428BTC","4","BINANCE"
"2018/09/07 13:10:35","BNB  BTC  AE  BNB  ","0.01104773","Total Bitcoin Value (without using bot): 0.38498170304398827, USD Value Equivalent: 2473.8154274200597","BINANCE ACCOUNT VALUE:2520.225660954797USD, 0.3922041863977711BTC","4","BINANCE"
"2018/09/07 13:17:57","AION  BTC  BTG  ETH  AION  ","0.01104773","Total Bitcoin Value (without using bot): 0.38507826707339854, USD Value Equivalent: 2474.876843176043","BINANCE ACCOUNT VALUE:2521.9701206157006USD, 0.3924057418595773BTC","4","BINANCE"
"2018/09/07 13:46:37","ZEN  ETH  BTC  ZEN  ","0.01104773","Total Bitcoin Value (without using bot): 0.38486182882787123, USD Value Equivalent: 2477.7231352115377","BINANCE ACCOUNT VALUE:2524.475723566728USD, 0.392123853547707BTC","4","BINANCE"
"2018/09/07 13:50:04","BTC  CLOAK  ETH  BTC  ","0.01104773","Total Bitcoin Value (without using bot): 0.3849535330536813, USD Value Equivalent: 2480.869614350089","BINANCE ACCOUNT VALUE:2527.2427254977874USD, 0.39214919254007236BTC","4","BINANCE"
"2018/09/07 13:50:30","SALT  BTC  OMG  ETH  SALT  ","0.01104773","Total Bitcoin Value (without using bot): 0.38501190638233823, USD Value Equivalent: 2484.4279302183354","BINANCE ACCOUNT VALUE:2531.178297045279USD, 0.39225681280010394BTC","4","BINANCE"
"2018/09/07 14:11:17","AE  ETH  USDT  ONT  BTC  AE  ","0.01104773","Total Bitcoin Value (without using bot): 0.3857960226324496, USD Value Equivalent: 2485.965404917394","BINANCE ACCOUNT VALUE:2529.2088386290043USD, 0.3925069546099859BTC","4","BINANCE"
"2018/09/07 14:17:09","BTC  INS  ETH  STEEM  BTC  ","0.01104773","Total Bitcoin Value (without using bot): 0.38574763857828087, USD Value Equivalent: 2484.949641695621","BINANCE ACCOUNT VALUE:2529.6861481844726USD, 0.3926922468096739BTC","4","BINANCE"
"2018/09/07 14:23:17","PIVX  ETH  BTC  PIVX  ","0.01104773","Total Bitcoin Value (without using bot): 0.385887905244814, USD Value Equivalent: 2486.3973281824888","BINANCE ACCOUNT VALUE:2531.582115751964USD, 0.39290056682809454BTC","4","BINANCE"
"2018/09/07 14:57:22","BTC  MTL  ETH  XZC  BTC  ","0.01109999","Total Bitcoin Value (without using bot): 0.3863176845247541, USD Value Equivalent: 2479.883317504486","BINANCE ACCOUNT VALUE:2524.6686285542983USD, 0.3932943666707894BTC","4","BINANCE"
"2018/09/07 15:09:27","BCD  ETH  ONT  BTC  BCD  ","0.00880365","Total Bitcoin Value (without using bot): 0.3854755889473734, USD Value Equivalent: 2474.47766599604","BINANCE ACCOUNT VALUE:2521.114028070302USD, 0.3927406289127687BTC","4","BINANCE"
"2018/09/07 15:10:18","ETC  BTC  BCD  ETH  ETC  ","0.00880365","Total Bitcoin Value (without using bot): 0.38532613765859974, USD Value Equivalent: 2475.1829044944693","BINANCE ACCOUNT VALUE:2522.1003469848993USD, 0.39263004916785815BTC","4","BINANCE"
"2018/09/07 15:11:15","ETH  BTG  BTC  MTL  ETH  ","0.00880365","Total Bitcoin Value (without using bot): 0.38536516729123643, USD Value Equivalent: 2473.6570820166103","BINANCE ACCOUNT VALUE:2520.3775983236605USD, 0.39264364566784377BTC","4","BINANCE"
"2018/09/07 15:17:54","BTC  ETH  AION  BTC  ","0.00880365","Total Bitcoin Value (without using bot): 0.3849573200117112, USD Value Equivalent: 2468.215450426288","BINANCE ACCOUNT VALUE:2514.751738504631USD, 0.3922153917245504BTC","4","BINANCE"
"2018/09/07 15:18:01","ETH  AION  BTC  QTUM  ETH  ","0.00880365","Total Bitcoin Value (without using bot): 0.38496920138663787, USD Value Equivalent: 2468.5803566636905","BINANCE ACCOUNT VALUE:2515.1338072039985USD, 0.3922291006351744BTC","4","BINANCE"
"2018/09/07 15:23:46","ETH  MTL  BTC  QTUM  USDT  ETH  ","0.00880365","Total Bitcoin Value (without using bot): 0.3850657004503754, USD Value Equivalent: 2468.7794266115006","BINANCE ACCOUNT VALUE:2515.366815269126USD, 0.39233212743539964BTC","4","BINANCE"
"2018/09/07 16:38:57","HC  BTC  ARK  ETH  HC  ","0.00880370","Total Bitcoin Value (without using bot): 0.3839784958305163, USD Value Equivalent: 2463.055020107076","BINANCE ACCOUNT VALUE:2508.88569976798USD, 0.39112327956267956BTC","4","BINANCE"
"2018/09/07 16:39:07","HC  BTC  NEO  ETH  HC  ","0.00880370","Total Bitcoin Value (without using bot): 0.38400445148276763, USD Value Equivalent: 2462.495745912257","BINANCE ACCOUNT VALUE:2508.248427073015USD, 0.39113917781160207BTC","4","BINANCE"
"2018/09/07 16:56:22","DASH  BTC  XMR  ETH  DASH  ","0.00880370","Total Bitcoin Value (without using bot): 0.383979379006717, USD Value Equivalent: 2457.8616045064705","BINANCE ACCOUNT VALUE:2502.4063533880467USD, 0.39093838149172155BTC","4","BINANCE"
"2018/09/07 16:56:24","ONT  USDT  BTC  XMR  ETH  ONT  ","0.00880370","Total Bitcoin Value (without using bot): 0.38403548744285065, USD Value Equivalent: 2458.2207560088727","BINANCE ACCOUNT VALUE:2502.757439655191USD, 0.39099322993664154BTC","4","BINANCE"
"2018/09/07 17:29:18","BTC  PPT  ETH  ETC  BTC  ","0.00880370","Total Bitcoin Value (without using bot): 0.38574238371585, USD Value Equivalent: 2479.505753439438","BINANCE ACCOUNT VALUE:2524.0486916176296USD, 0.39267203053224853BTC","4","BINANCE"
"2018/09/07 17:39:51","ETH  BTC  HC  ETH  ","0.00880370","Total Bitcoin Value (without using bot): 0.3866835327967598, USD Value Equivalent: 2489.5227198401312","BINANCE ACCOUNT VALUE:2531.5411642666018USD, 0.3932100209480691BTC","4","BINANCE"
"2018/09/07 19:31:56","BTC  LUN  ETH  USDT  BTC  ","0.01350877","Total Bitcoin Value (without using bot): 0.3862003127912954, USD Value Equivalent: 2487.1184283665584","BINANCE ACCOUNT VALUE:2529.3498707372446USD, 0.3927580207263768BTC","4","BINANCE"
"2018/09/07 19:54:41","BNB  BTC  NANO  BNB  ","0.01350877","Total Bitcoin Value (without using bot): 0.38579982021641224, USD Value Equivalent: 2488.5554443275414","BINANCE ACCOUNT VALUE:2530.38364304632USD, 0.3922844302267959BTC","4","BINANCE"
"2018/09/07 20:04:33","BTC  SKY  ETH  USDT  NEO  BTC  ","0.01350877","Total Bitcoin Value (without using bot): 0.38588935615953157, USD Value Equivalent: 2485.762241658266","BINANCE ACCOUNT VALUE:2526.6605213159696USD, 0.3922383989362918BTC","4","BINANCE"
"2018/09/07 20:05:09","USDT  BTC  LSK  ETH  USDT  ","0.01350877","Total Bitcoin Value (without using bot): 0.3858939325082652, USD Value Equivalent: 2486.2200631372884","BINANCE ACCOUNT VALUE:2527.159397006368USD, 0.3922482535819487BTC","4","BINANCE"
"2018/09/07 20:07:23","BTC  ZEC  ETH  BTC  ","0.01350877","Total Bitcoin Value (without using bot): 0.3858822420660863, USD Value Equivalent: 2486.889497209675","BINANCE ACCOUNT VALUE:2527.624206086716USD, 0.39220290923244755BTC","4","BINANCE"
"2018/09/07 20:14:45","REP  BTC  SKY  ETH  REP  ","0.01350877","Total Bitcoin Value (without using bot): 0.3859225986229401, USD Value Equivalent: 2486.954691593978","BINANCE ACCOUNT VALUE:2527.745905880123USD, 0.3922525295507144BTC","4","BINANCE"
"2018/09/07 20:53:15","BTC  NEBL  ETH  NEO  BTC  ","0.01352671","Total Bitcoin Value (without using bot): 0.3852185803391341, USD Value Equivalent: 2476.2505215786114","BINANCE ACCOUNT VALUE:2518.792214107296USD, 0.3918365902126571BTC","4","BINANCE"
"2018/09/07 20:53:16","SKY  ETH  BTC  SKY  ","0.01352671","Total Bitcoin Value (without using bot): 0.3852068279665306, USD Value Equivalent: 2476.174975329613","BINANCE ACCOUNT VALUE:2518.6753988508826USD, 0.39181841781578314BTC","4","BINANCE"
"2018/09/07 21:56:18","ETH  BTC  MTL  ETH  ","0.01115130","Total Bitcoin Value (without using bot): 0.3840955787427294, USD Value Equivalent: 2470.7063331299696","BINANCE ACCOUNT VALUE:2516.122417614158USD, 0.3911559553727939BTC","4","BINANCE"
"2018/09/07 21:57:19","AION  BTC  LUN  ETH  AION  ","0.01115130","Total Bitcoin Value (without using bot): 0.384197341247485, USD Value Equivalent: 2470.1603068032864","BINANCE ACCOUNT VALUE:2514.6928800018973USD, 0.39112373228967495BTC","4","BINANCE"
"2018/09/07 22:27:26","ETH  BTC  TRIG  ETH  ","0.01115130","Total Bitcoin Value (without using bot): 0.3843453574069288, USD Value Equivalent: 2470.193377234693","BINANCE ACCOUNT VALUE:2515.8138844046703USD, 0.39144359930771444BTC","4","BINANCE"
"2018/09/07 22:27:26","TRIG  ETH  BTC  TRIG  ","0.01115130","Total Bitcoin Value (without using bot): 0.384348015112929, USD Value Equivalent: 2470.2104583510213","BINANCE ACCOUNT VALUE:2515.8515833851184USD, 0.3914494650137145BTC","4","BINANCE"
"2018/09/07 22:28:13","MTL  ETH  BTC  MTL  ","0.01115130","Total Bitcoin Value (without using bot): 0.3842680527579982, USD Value Equivalent: 2469.9501560112662","BINANCE ACCOUNT VALUE:2515.6252836313042USD, 0.3913740635037248BTC","4","BINANCE"
"2018/09/07 22:30:36","ZEC  ETH  NANO  BTC  ZEC  ","0.01115130","Total Bitcoin Value (without using bot): 0.3842886375826965, USD Value Equivalent: 2471.5773513745557","BINANCE ACCOUNT VALUE:2517.376140880792USD, 0.3914095777436427BTC","4","BINANCE"
"2018/09/07 22:37:30","ETH  BNB  BTC  DGD  ETH  ","0.01115130","Total Bitcoin Value (without using bot): 0.38509519944812015, USD Value Equivalent: 2479.302583802912","BINANCE ACCOUNT VALUE:2523.179946526674USD, 0.3919104070229241BTC","4","BINANCE"
"2018/09/07 23:50:12","BTC  SKY  ETH  NEO  USDT  BTC  ","0.01115130","Total Bitcoin Value (without using bot): 0.38413331185864014, USD Value Equivalent: 2475.209090958571","BINANCE ACCOUNT VALUE:2524.676805915344USD, 0.39181031872074146BTC","4","BINANCE"
"2018/09/08 00:10:33","ETH  NANO  BTC  LUN  ETH  ","0.01115130","Total Bitcoin Value (without using bot): 0.3847860578176627, USD Value Equivalent: 2481.1639905078287","BINANCE ACCOUNT VALUE:2528.431334140497USD, 0.3921164136061185BTC","4","BINANCE"
"2018/09/08 00:19:08","USDT  BTC  PPT  ETH  USDT  ","0.01115130","Total Bitcoin Value (without using bot): 0.38466837121435876, USD Value Equivalent: 2480.5147583572316","BINANCE ACCOUNT VALUE:2528.892812435779USD, 0.3921706475875255BTC","4","BINANCE"
"2018/09/08 01:07:03","INS  ETH  VIA  BTC  INS  ","0.01115130","Total Bitcoin Value (without using bot): 0.38563484008407545, USD Value Equivalent: 2488.9624566964394","BINANCE ACCOUNT VALUE:2536.4320995532157USD, 0.3929896911316153BTC","4","BINANCE"
"2018/09/08 01:13:53","ZEC  ETH  BTC  ZEC  ","0.01115130","Total Bitcoin Value (without using bot): 0.38578118831545344, USD Value Equivalent: 2490.3795986753444","BINANCE ACCOUNT VALUE:2537.7002557357155USD, 0.3931115645048216BTC","4","BINANCE"
"2018/09/08 01:21:55","ZEC  BTC  RLC  ETH  ZEC  ","0.01115130","Total Bitcoin Value (without using bot): 0.38652910045586475, USD Value Equivalent: 2497.343258944817","BINANCE ACCOUNT VALUE:2543.9616704126024USD, 0.39374451731327265BTC","4","BINANCE"
"2018/09/10 14:59:52","EOS  BTC  ZEN  ETH  EOS  ","0.05875781","Total Bitcoin Value (without using bot): 0.3652556458550539, USD Value Equivalent: 2300.4037992121102","BINANCE ACCOUNT VALUE:2383.4177564322317USD, 0.37843651287057717BTC","4","BINANCE"
"2018/09/10 15:44:48","ETH  USDT  ONT  ETH  ","0.06117309","Total Bitcoin Value (without using bot): 0.3647494083082212, USD Value Equivalent: 2292.4536787112534","BINANCE ACCOUNT VALUE:2374.910912375105USD, 0.37786907457189484BTC","4","BINANCE"
"2018/09/10 15:45:36","BTC  MTL  ETH  BCD  BTC  ","0.06117309","Total Bitcoin Value (without using bot): 0.3646872993661314, USD Value Equivalent: 2292.0979686825694","BINANCE ACCOUNT VALUE:2374.6850336800276USD, 0.37782742431192917BTC","4","BINANCE"
"2018/09/10 15:46:51","BTC  MTL  ETH  USDT  BTC  ","0.06117309","Total Bitcoin Value (without using bot): 0.3650336332155947, USD Value Equivalent: 2295.6399390797264","BINANCE ACCOUNT VALUE:2377.348023411849USD, 0.3780261754601758BTC","4","BINANCE"
"2018/09/10 15:49:51","BTC  TRIG  ETH  LTC  BTC  ","0.06117309","Total Bitcoin Value (without using bot): 0.365036134773393, USD Value Equivalent: 2296.2506798886593","BINANCE ACCOUNT VALUE:2378.3066158712USD, 0.37808060851862535BTC","4","BINANCE"
"2018/09/10 15:50:36","TRIG  ETH  BCD  BTC  TRIG  ","0.06117309","Total Bitcoin Value (without using bot): 0.3651576332932827, USD Value Equivalent: 2297.09894954622","BINANCE ACCOUNT VALUE:2379.20740838198USD, 0.3782099793873628BTC","4","BINANCE"
"2018/09/10 16:02:53","ONT  BTC  USDT  ONT  ","0.06117309","Total Bitcoin Value (without using bot): 0.3646715051135542, USD Value Equivalent: 2294.1757890322533","BINANCE ACCOUNT VALUE:2378.666992262759USD, 0.3781018335121992BTC","4","BINANCE"
"2018/09/10 18:49:37","BNB  WAVES  ETH  NAV  BTC  USDT  BNB  ","0.05883622","Total Bitcoin Value (without using bot): 0.36678069247849154, USD Value Equivalent: 2322.275622234494","BINANCE ACCOUNT VALUE:2404.0264420335643USD, 0.379692433879685BTC","4","2","BINANCE"
"2018/09/10 18:59:35","BNB  NANO  BTC  USDT  BNB  ","0.05883622","Total Bitcoin Value (without using bot): 0.3665768761239837, USD Value Equivalent: 2330.9120587532016","BINANCE ACCOUNT VALUE:2413.575336780639USD, 0.3795771290145518BTC","4","2","BINANCE"
"2018/09/10 19:03:01","BTC  WAVES  ETH  TRIG  BTC  ","0.05883622","Total Bitcoin Value (without using bot): 0.36600367521819194, USD Value Equivalent: 2331.2622393206498","BINANCE ACCOUNT VALUE:2416.0713797845924USD, 0.3793185466978348BTC","4","2","BINANCE"
"2018/09/10 19:10:35","BTC  DASH  ETH  XMR  BTC  ","0.05883622","Total Bitcoin Value (without using bot): 0.36589234212701666, USD Value Equivalent: 2328.537035834623","BINANCE ACCOUNT VALUE:2413.040128710135USD, 0.37917065125131855BTC","4","2","BINANCE"
"2018/09/10 19:55:59","BTC  ETH  SKY  BTC  ","0.05886539","Total Bitcoin Value (without using bot): 0.36506857628073824, USD Value Equivalent: 2320.5492784141056","BINANCE ACCOUNT VALUE:2408.436497783253USD, 0.37889498468620625BTC","4","2","BINANCE"
"2018/09/10 20:26:25","BCC  ETH  WAVES  BNB  BTC  BCC  ","0.05886539","Total Bitcoin Value (without using bot): 0.3645154608505978, USD Value Equivalent: 2320.3322789310014","BINANCE ACCOUNT VALUE:2409.19574151564USD, 0.37847557609398125BTC","4","2","BINANCE"
"2018/09/10 21:03:50","BTC  EOS  BNB  BTC  ","0.05886539","Total Bitcoin Value (without using bot): 0.3643384245971917, USD Value Equivalent: 2316.5511448108477","BINANCE ACCOUNT VALUE:2404.3824922367617USD, 0.3781522075663646BTC","4","2","BINANCE"
"2018/09/10 21:14:49","BTC  WAVES  ETH  BTC  ","0.05886539","Total Bitcoin Value (without using bot): 0.3644478467281918, USD Value Equivalent: 2313.456619375085","BINANCE ACCOUNT VALUE:2402.203443756528USD, 0.37842848020059233BTC","4","2","BINANCE"
"2018/09/11 15:11:03","BTC  ICX  USDT  ETH  WTC  BTC  ","0.06061812","Total Bitcoin Value (without using bot): 0.3489198107447945, USD Value Equivalent: 2197.0416277176937","BINANCE ACCOUNT VALUE:2288.6412347886276USD, 0.3634670624492099BTC","4","2","BINANCE"
"2018/09/11 15:20:41","BTC  BCD  ETH  USDT  QTUM  BTC  ","0.06061812","Total Bitcoin Value (without using bot): 0.3492381370217536, USD Value Equivalent: 2201.614677691986","BINANCE ACCOUNT VALUE:2291.6436780492904USD, 0.3635192738079949BTC","4","2","BINANCE"
"2018/09/11 15:23:19","BNB  BTC  XZC  BNB  ","0.06061812","Total Bitcoin Value (without using bot): 0.349791170602503, USD Value Equivalent: 2207.734956551346","BINANCE ACCOUNT VALUE:2296.3547327842293USD, 0.3638319933810915BTC","4","2","BINANCE"
"2018/09/11 15:23:33","XZC  BTC  GVT  ETH  XZC  ","0.06061812","Total Bitcoin Value (without using bot): 0.34973117604062437, USD Value Equivalent: 2207.372033977406","BINANCE ACCOUNT VALUE:2296.242814619182USD, 0.3638116672994961BTC","4","2","BINANCE"
"2018/09/11 15:28:24","ETH  WTC  BTC  NAS  ETH  ","0.06061812","Total Bitcoin Value (without using bot): 0.3490995165066678, USD Value Equivalent: 2204.2405296868387","BINANCE ACCOUNT VALUE:2298.1760960524725USD, 0.3639766863796316BTC","4","2","BINANCE"
"2018/09/11 15:31:19","SALT  BTC  ETH  SALT  ","0.06061812","Total Bitcoin Value (without using bot): 0.3494623750523669, USD Value Equivalent: 2205.6946833705233","BINANCE ACCOUNT VALUE:2300.8839523287834USD, 0.3645438222991BTC","4","2","BINANCE"
"2018/09/11 15:32:07","GVT  ETH  BTC  GVT  ","0.06061812","Total Bitcoin Value (without using bot): 0.3496073612297982, USD Value Equivalent: 2206.93317653603","BINANCE ACCOUNT VALUE:2301.5473388053742USD, 0.36459549406392044BTC","4","2","BINANCE"
"2018/09/11 15:33:04","ETH  GVT  BTC  USDT  ETH  ","0.06061812","Total Bitcoin Value (without using bot): 0.3497981999190598, USD Value Equivalent: 2207.4662532562115","BINANCE ACCOUNT VALUE:2302.8717055121433USD, 0.3649162817526376BTC","4","2","BINANCE"
"2018/09/11 15:33:15","GVT  BTC  ETH  GVT  ","0.06061812","Total Bitcoin Value (without using bot): 0.3497983135952452, USD Value Equivalent: 2207.9776761686594","BINANCE ACCOUNT VALUE:2303.202277703429USD, 0.3648842473839604BTC","4","2","BINANCE"
"2018/09/11 15:35:31","LTC  BTC  GVT  ETH  LTC  ","0.06061812","Total Bitcoin Value (without using bot): 0.3496711828602528, USD Value Equivalent: 2207.3220704322316","BINANCE ACCOUNT VALUE:2302.5076059152834USD, 0.3647499243041907BTC","4","2","BINANCE"
"2018/09/11 15:35:41","ETH  NANO  BTC  GVT  ETH  ","0.06061812","Total Bitcoin Value (without using bot): 0.3496897525699457, USD Value Equivalent: 2207.768001299115","BINANCE ACCOUNT VALUE:2302.4106213523933USD, 0.36468025626849004BTC","4","2","BINANCE"
"2018/09/11 15:35:42","GVT  ETH  USDT  BTC  GVT  ","0.06061812","Total Bitcoin Value (without using bot): 0.3496790324501367, USD Value Equivalent: 2207.698571373938","BINANCE ACCOUNT VALUE:2302.2520497684623USD, 0.3646554288062821BTC","4","2","BINANCE"
"2018/09/11 15:36:13","ETH  USDT  BTC  GVT  ETH  ","0.06061812","Total Bitcoin Value (without using bot): 0.3497235518935364, USD Value Equivalent: 2207.5809600306834","BINANCE ACCOUNT VALUE:2301.953273587286USD, 0.36467395294110055BTC","4","2","BINANCE"
"2018/09/11 15:38:09","MCO  ETH  KMD  BTC  MCO  ","0.06061812","Total Bitcoin Value (without using bot): 0.34982374097803276, USD Value Equivalent: 2207.753371380709","BINANCE ACCOUNT VALUE:2301.964352515264USD, 0.3647516936601251BTC","4","2","BINANCE"
"2018/09/11 15:42:06","NAV  BTC  ZEN  ETH  NAV  ","0.06061812","Total Bitcoin Value (without using bot): 0.35030901696450667, USD Value Equivalent: 2212.0262876223774","BINANCE ACCOUNT VALUE:2305.0780958574933USD, 0.36504522857827115BTC","4","2","BINANCE"
"2018/09/11 15:44:18","BTC  HC  ETH  SKY  BTC  ","0.06061812","Total Bitcoin Value (without using bot): 0.3502911427866707, USD Value Equivalent: 2210.9886525094753","BINANCE ACCOUNT VALUE:2304.525968114356USD, 0.36511043782884217BTC","4","2","BINANCE"
"2018/09/11 15:45:40","GVT  ETH  BNB  USDT  BTC  GVT  ","0.06061812","Total Bitcoin Value (without using bot): 0.3503470517890983, USD Value Equivalent: 2211.2241760431884","BINANCE ACCOUNT VALUE:2305.6281852149245USD, 0.3653044526029644BTC","4","2","BINANCE"
"2018/09/11 15:46:09","BTC  GVT  ETH  NEO  BTC  ","0.06061812","Total Bitcoin Value (without using bot): 0.35034052242634994, USD Value Equivalent: 2210.862404228948","BINANCE ACCOUNT VALUE:2305.344209865306USD, 0.36531241985565677BTC","4","2","BINANCE"
"2018/09/11 15:50:47","ETH  ETC  USDT  BTC  GVT  ETH  ","0.06061812","Total Bitcoin Value (without using bot): 0.35002322104791234, USD Value Equivalent: 2205.431561527002","BINANCE ACCOUNT VALUE:2300.468727657885USD, 0.36510653425912126BTC","4","2","BINANCE"
"2018/09/11 15:59:09","ARK  BTC  WTC  ETH  ARK  ","0.06061812","Total Bitcoin Value (without using bot): 0.34946837965178995, USD Value Equivalent: 2200.990296568735","BINANCE ACCOUNT VALUE:2297.781966603095USD, 0.36483674731039867BTC","4","2","BINANCE"
"2018/09/11 16:11:01","ETH  BCD  BTC  GVT  ETH  ","0.05605592","Total Bitcoin Value (without using bot): 0.34982477420427155, USD Value Equivalent: 2205.8341067360025","BINANCE ACCOUNT VALUE:2303.484912023911USD, 0.3653112837320691BTC","4","2","BINANCE"
"2018/09/11 16:12:33","WTC  ETH  MTL  BTC  WTC  ","0.05605592","Total Bitcoin Value (without using bot): 0.34982829367024526, USD Value Equivalent: 2206.2795911048192","BINANCE ACCOUNT VALUE:2303.5119086672057USD, 0.36524547646049166BTC","4","2","BINANCE"
"2018/09/11 16:13:58","GVT  ETH  SKY  BTC  GVT  ","0.05605592","Total Bitcoin Value (without using bot): 0.34985932123565827, USD Value Equivalent: 2207.425142260143","BINANCE ACCOUNT VALUE:2305.6017138918983USD, 0.3654195266780778BTC","4","2","BINANCE"
"2018/09/11 16:18:44","ETH  HC  BTC  SKY  ETH  ","0.05605592","Total Bitcoin Value (without using bot): 0.34998180718277405, USD Value Equivalent: 2202.4915096903464","BINANCE ACCOUNT VALUE:2299.979010834579USD, 0.3654728325411366BTC","4","2","BINANCE"
"2018/09/11 16:40:14","ETH  KMD  BTC  NAS  ETH  ","0.05594816","Total Bitcoin Value (without using bot): 0.3500526716982363, USD Value Equivalent: 2198.402539062622","BINANCE ACCOUNT VALUE:2292.962160055937USD, 0.3651094446846778BTC","4","2","BINANCE"
"2018/09/11 16:51:00","ETH  SKY  BTC  NEBL  ETH  ","0.05594816","Total Bitcoin Value (without using bot): 0.3495906555879206, USD Value Equivalent: 2197.6195025493994","BINANCE ACCOUNT VALUE:2295.3773174627668USD, 0.3651416727520661BTC","4","2","BINANCE"
